Workbook
Name CL: 'RELEVANCIA-PUNTAJE'!$B$2
Name L: 'RELEVANCIA-PUNTAJE'!$C$2
Name ML: 'RELEVANCIA-PUNTAJE'!$D$2
Name MR: 'RELEVANCIA-PUNTAJE'!$A$3
Name MR_CL: 'RELEVANCIA-PUNTAJE'!$B$3
Name MR_L: 'RELEVANCIA-PUNTAJE'!$C$3
Name MR_ML: 'RELEVANCIA-PUNTAJE'!$D$3
Name MR_NL: 'RELEVANCIA-PUNTAJE'!$E$3
Name MR_PL: 'RELEVANCIA-PUNTAJE'!#REF!
Name MR_TL: 'RELEVANCIA-PUNTAJE'!$B$3
Name NL: 'RELEVANCIA-PUNTAJE'!$E$2
Name PL: 'RELEVANCIA-PUNTAJE'!#REF!
Name PR: 'RELEVANCIA-PUNTAJE'!$A$5
Name PR_ML: 'RELEVANCIA-PUNTAJE'!$D$5
Name PR_NL: 'RELEVANCIA-PUNTAJE'!$E$5
Name PR_PL: 'RELEVANCIA-PUNTAJE'!#REF!
Name PR_TL: 'RELEVANCIA-PUNTAJE'!$B$5
Name RE: 'RELEVANCIA-PUNTAJE'!$A$4
Name RE_ML: 'RELEVANCIA-PUNTAJE'!$D$4
Name RE_NL: 'RELEVANCIA-PUNTAJE'!$E$4
Name RE_PL: 'RELEVANCIA-PUNTAJE'!#REF!
Name RE_TL: 'RELEVANCIA-PUNTAJE'!$B$4
Name TL: 'RELEVANCIA-PUNTAJE'!$B$2

Sheet EVALUACION2
C2: 1
B3: INTEGRANTES | C3: GRUPAL
A4: 1 | C4: =EVALUACION2!$C$22 -> 7
A5: 2 | C5: =EVALUACION2!$C$22 -> 7
A6: 3 | C6: =EVALUACION2!$C$22 -> 7
A11: GRUPAL | C11: Nivel de Logro | D11: NIVELES DE LOGRO Y PUNTAJES
B12: Aspectos a Evaluar | D12: Completamente logrado | F12: Logrado | H12: Logro Incipiente | J12: No logrado
B13: =RUBRICA!A4 -> 1. Propone ajustes al Proyecto APT considerando dificultades, facilitadores y retroalimentación. | C13: Completamente logrado | D13: =IF($C13=CL,"X","") -> X | E13: =IF(D13="X",100*0.1,"") -> 10 | F13: =IF($C13=L,"X","") | G13: =IF(F13="X",60*0.1,"") | H13: =IF($C13=ML,"X","") | I13: =IF(H13="X",30*0.1,"") | J13: =IF($C13=NL,"X","") | K13: =IF($J13="X",0,"")
B14: =RUBRICA!A5 -> 2. Aplica una metodología que permite el logro de los objetivos propuestos, de acuerdo a los estándares de la disciplina. | C14: Completamente logrado | D14: =IF($C14=CL,"X","") -> X | E14: =IF(D14="X",100*0.1,"") -> 10 | F14: =IF($C14=L,"X","") | G14: =IF(F14="X",60*0.1,"") | H14: =IF($C14=ML,"X","") | I14: =IF(H14="X",30*0.1,"") | J14: =IF($C14=NL,"X","") | K14: =IF($J14="X",0,"")
B15: =RUBRICA!A6 -> 3. Genera evidencias que dan cuenta del avance del Proyecto APT en relación a documentación, programación y almacenamiento de datos , de acuerdo a lo planificado por el equipo y que cumpla con estándares de desarrollo de la industria | C15: Completamente logrado | D15: =IF($C15=CL,"X","") -> X | E15: =IF(D15="X",100*0.25,"") -> 25 | F15: =IF($C15=L,"X","") | G15: =IF(F15="X",60*0.25,"") | H15: =IF($C15=ML,"X","") | I15: =IF(H15="X",30*0.25,"") | J15: =IF($C15=NL,"X","") | K15: =IF($J15="X",0,"")
B16: =RUBRICA!A7 -> 4. Utiliza de manera precisa el lenguaje técnico en los entregables de acuerdo con lo requerido por la disciplina. | C16: Completamente logrado | D16: =IF($C16=CL,"X","") -> X | E16: =IF(D16="X",100*0.05,"") -> 5 | F16: =IF($C16=L,"X","") | G16: =IF(F16="X",60*0.05,"") | H16: =IF($C16=ML,"X","") | I16: =IF(H16="X",30*0.05,"") | J16: =IF($C16=NL,"X","") | K16: =IF($J16="X",0,"")
B17: =RUBRICA!A8 -> 5. Utiliza reglas de redacción, ortografía (literal, puntual, acentual) y las normas para citas y referencias. | C17: Completamente logrado | D17: =IF($C17=CL,"X","") -> X | E17: =IF(D17="X",100*0.05,"") -> 5 | F17: =IF($C17=L,"X","") | G17: =IF(F17="X",60*0.05,"") | H17: =IF($C17=ML,"X","") | I17: =IF(H17="X",30*0.05,"") | J17: =IF($C17=NL,"X","") | K17: =IF($J17="X",0,"")
B18: =RUBRICA!A9 -> 6. Entrega la documentación y evidencias requerida por la asignatura de acuerdo a la estrucutra y nombres solicitados, guardando todas las evidencias de avances en Git | C18: Completamente logrado | D18: =IF($C18=CL,"X","") -> X | E18: =IF(D18="X",100*0.2,"") -> 20 | F18: =IF($C18=L,"X","") | G18: =IF(F18="X",60*0.2,"") | H18: =IF($C18=ML,"X","") | I18: =IF(H18="X",30*0.2,"") | J18: =IF($C18=NL,"X","") | K18: =IF($J18="X",0,"")
B19: =RUBRICA!A10 -> 7.- Generan evidencias claras dentro del repositorio del aporte de cada uno de los integrantes del equipo que permitan identificar la equidad en el trabajo y la participación de cada estudiante. | C19: Completamente logrado | D19: =IF($C19=CL,"X","") -> X | E19: =IF(D19="X",100*0.15,"") -> 15 | F19: =IF($C19=L,"X","") | G19: =IF(F19="X",60*0.15,"") | H19: =IF($C19=ML,"X","") | I19: =IF(H19="X",30*0.15,"") | J19: =IF($C19=NL,"X","") | K19: =IF($J19="X",0,"")
B20: =RUBRICA!A11 -> 8. Demuestra un trabajo en equipo en donde todos los miembros del equipo expresan con fluidez el conocimiento del tema expuesto y participan de las actividades planificadas en el proyecto | C20: Completamente logrado | D20: =IF($C20=CL,"X","") -> X | E20: =IF(D20="X",100*0.1,"") -> 10 | F20: =IF($C20=L,"X","") | G20: =IF(F20="X",60*0.1,"") | H20: =IF($C20=ML,"X","") | I20: =IF(H20="X",30*0.1,"") | J20: =IF($C20=NL,"X","") | K20: =IF($J20="X",0,"")
B21: Puntaje | C21: =E21+G21+I21+K21 -> 100 | E21: =SUM(E13:E20) -> 100 | G21: =SUM(G13:G20) -> 0 | I21: =SUM(I13:I20) -> 0 | K21: =SUM(K13:K20) -> 0
B22: Nota | C22: =VLOOKUP(C21,ESCALA_IEP!A2:B202,2,FALSE) -> 7
D23: X

Sheet RUBRICA
A1: Indicador de Evaluación | B1: Categorías de Respuesta | F1: Ponderación del Indicador de Evaluación
B2: Completamente Logrado (100%) | C2: Logrado (60%) | D2: Logro incipiente | E2: No logrado
D3: -0.3 | E3: 0
A4: 1. Propone ajustes al Proyecto APT considerando dificultades, facilitadores y retroalimentación. | B4: Señala los ajustes que realizó o realizará y los justifica considerando las dificultades, facilitadores y retroalimentación del docente. | C4: Señala algunos de los ajustes que realizó o realizará y los justifica considerando las dificultades, facilitadores o retroalimentación del docente. | D4: Señala los ajustes que realizó o realizará, pero no los justifica. | E4: No incluye ajustes ni justifica por qué mantiene su plan inicial. | F4: 10
A5: 2. Aplica una metodología que permite el logro de los objetivos propuestos, de acuerdo a los estándares de la disciplina. | B5: Aplica la metodología definida por el equipo de acuerdo a los estándares de la disciplina, alcanzando los objetivos propuestos para el avance del proyecto. | C5: Aplica la metodología definida de acuerdo a los estándares de la disciplina, pero no se observa el cumplimiento de objetivos propuestos para el avance del proyecto. | D5: Aplica la metodología definida cumpliendo parcialmente con los estándares de la disciplina y con los objetivos propuestos para el avance del proyecto. | E5: Aplica la metodología definida sin cumplir los estándares de la disciplina ni los objetivos propuestos para el avance del proyecto. | F5: 10
A6: 3. Genera evidencias que dan cuenta del avance del Proyecto APT en relación a documentación, programación y almacenamiento de datos , de acuerdo a lo planificado por el equipo y que cumpla con estándares de desarrollo de la industria | B6: Presenta evidencias de avance que cumplen con lo planificado por el equipo en relación a documentación, programación y almacenamiento de datos, entregando evidencias que cumplan con estándares de desarrollo que actualmente se encuentran presentes en la industria | C6: Presenta evidencias de avance sin cumplir con lo planificado por el equipo en relación a documentación, programación y almacenamiento de datos, pero si sus entregas evidencian el cumplimiento de estándares de desarrollo que actualmente se encuentran presentes en la industria. | D6: Presenta evidencias de avance que cumplen con lo planificado por el equipo en relación a documentación, programación y almacenamiento de datos, entregando evidencias que no cumplen con estándares de desarrollo que actualmente se encuentran presentes en la industria | E6: Presenta evidencias de avance sin cumplir con lo planificado por el equipo en relación a documentación, programación y almacenamiento de datos y las evidencias no cumplen con estándares de desarrollo que actualmente se encuentran presentes en la industria | F6: 25
A7: 4. Utiliza de manera precisa el lenguaje técnico en los entregables de acuerdo con lo requerido por la disciplina. | B7: Utiliza lenguaje técnico de su disciplina en todos los entregables de avance del proyecto. | C7: Utiliza lenguaje técnico de su disciplina en la mayoría de los entregables de avance del proyecto | D7: Utiliza lenguaje técnico de su disciplina en la menos de la mitad de los entregables de avance del proyecto | E7: No utiliza lenguaje técnico de su disciplina en los entregables de avance del proyecto. | F7: 5
A8: 5. Utiliza reglas de redacción, ortografía (literal, puntual, acentual) y las normas para citas y referencias. | B8: El texto cumple con las reglas ortografía y de redacción en todos sus apartados y utiliza correctamente todas las normas de citación y referencias. | C8: El texto presenta de 1 a 5 errores de ortografía, redacción o en las citas y referencias del informe. | D8: El texto presenta de 6 a 10 errores de ortografía, redacción o en las citas y referencias del informe. | E8: El texto presenta más de 10 errores de ortografía, redacción o en las citas y referencias del informe. | F8: 5
A9: 6. Entrega la documentación y evidencias requerida por la asignatura de acuerdo a la estrucutra y nombres solicitados, guardando todas las evidencias de avances en Git | B9: Entrega la documentación y evidencias requeridas por la asignatura de acuerdo a la estrucutra y nombres solicitados, guardando todas las evidencias de avances en Git | C9: Entrega la documentación y evidencias requeridas por la asignatura de acuerdo a la estrucutra y nombres solicitados, guardando algunas de las evidencias de avances en Git | D9: Entrega la documentación y evidencias requeridas por la asignatura sin una la estrucutra y nombres solicitados, guardando algunas de las evidencias de avances en Git | E9: No entrega a través de Git la documentación y evidencias de avance requeridas por la asignatura | F9: 20
A10: 7.- Generan evidencias claras dentro del repositorio del aporte de cada uno de los integrantes del equipo que permitan identificar la equidad en el trabajo y la participación de cada estudiante. | B10: Generan evidencias dentro del repositorio del proyecto del aporte de cada uno de los integrantes del equipo que permitan identificar la equidad en el trabajo y la participación de cada estudiante | C10: Generan evidencias dentro del repositorio del proyecto del aporte de cada uno de los integrantes del equipo pero la evidencia no demuestra una equidad en la participación de cada estudiante | D10: Generan evidencias dentro del repositorio del proyecto del aporte de cada uno de los integrantes del equipo pero la evidencia no demuestra la participación de algunos(s) participante(s) del equipo | E10: No generan evidencias dentro del repositorio del proyecto del aporte de cada uno de los integrantes del equipo por lo que no se permite identificar la equidad en el trabajo y la participación de cada estudiante | F10: 15
A11: 8. Demuestra un trabajo en equipo en donde todos los miembros del equipo expresan con fluidez el conocimiento del tema expuesto y participan de las actividades planificadas en el proyecto | B11: Demuestra un trabajo en equipo en donde todos los miembros del equipo expresan con fluidez el conocimiento del tema expuesto y participan de las actividades planificadas en el proyecto | C11: Demuestra un trabajo en equipo de manera parcial, en donde todos los miembros del equipo expresan con fluidez el conocimiento del tema expuesto, pero no todos participan de manera equitativa de las actividades planificadas en el proyecto | D11: Demuestra de manera deficiente el trabajo en equipo en donde los integrantes expresan con poca fluidez y de manera imparcial el conocimiento del tema expuesto y no todos sus miembros participan de manera equitativa de las actividades planificadas en el proyecto | E11: No demuestran un trabajo en equipo, evidenciando en su presentación la nula colaboración de alguno de sus integrantes. | F11: 10

Sheet ESCALA_IEP
A1: Puntaje | B1: Nota
A2: 0 | B2: 1
A3: 0.5 | B3: 1
A4: 1 | B4: 1.1
A5: 1.5 | B5: 1.1
A6: 2 | B6: 1.1
A7: 2.5 | B7: 1.1
A8: 3 | B8: 1.2
A9: 3.5 | B9: 1.2
A10: 4 | B10: 1.2
A11: 4.5 | B11: 1.2
A12: 5 | B12: 1.3
A13: 5.5 | B13: 1.3
... A202: 100 | B202: 7

Sheet ESCALA_PRESENTACION
A1: PUNTOS | B1: NOTA
A2: 0 | B2: 1
A3: 1 | B3: 1.1
A4: 2 | B4: 1.2
A5: 3 | B5: 1.3
A6: 4 | B6: 1.4
A7: 5 | B7: 1.5
A8: 6 | B8: 1.6
A9: 7 | B9: 1.7
A10: 8 | B10: 1.8
A11: 9 | B11: 1.9
A12: 10 | B12: 2
A13: 11 | B13: 2.1
... A54: 52 | B54: 7

Sheet ESCALA_TRAB_EQUIP
A1: Puntaje | B1: Nota
A2: 0 | B2: 1
A3: 0.5 | B3: 1.1
A4: 1 | B4: 1.2
A5: 1.5 | B5: 1.3
A6: 2 | B6: 1.4
A7: 2.5 | B7: 1.5
A8: 3 | B8: 1.6
A9: 3.5 | B9: 1.7
A10: 4 | B10: 1.8
A11: 4.5 | B11: 1.9
A12: 5 | B12: 2
A13: 5.5 | B13: 2.1
... A52: 25 | B52: 7

Sheet RELEVANCIA-PUNTAJE
A1: Relevancia | B1: Puntaje
B2: Completamente logrado | C2: Logrado | D2: Logro incipiente | E2: No logrado
A3: Muy Relevante | B3: 4 | C3: 3 | D3: 2 | E3: 0
